//i.i.ua/avatar/9/7/29279_161807865.jpg,https://prikol.i.ua
//i.i.ua/avatar/9/7/29279_161807865.jpg,https://prikol.i.ua
//i.i.ua/avatar/9/7/29279_161807865.jpg,https://prikol.i.ua
//i.i.ua/avatar/9/7/29279_161807865.jpg,https://prikol.i.ua
//i.i.ua/avatar/9/7/29279_161807865.jpg,https://prikol.i.ua
//i.i.ua/avatar/9/7/29279_161807865.jpg,https://prikol.i.ua
//i.i.ua/avatar/9/7/29279_161807865.jpg,https://prikol.i.ua
//i.i.ua/avatar/9/7/29279_161807865.jpg,https://prikol.i.ua
//i.i.ua/avatar/9/7/29279_161807865.jpg,https://prikol.i.ua
//i.i.ua/avatar/9/7/29279_161807865.jpg,https://prikol.i.ua
//i.i.ua/avatar/mini/9/7/29279_161807865.jpg,https://prikol.i.ua
//i.i.ua/avatar/mini/6/3/3698736_152529909.gif,https://prikol.i.ua
//i.i.ua/avatar/mini/0/0/2206800_172817879.jpg,https://prikol.i.ua
//i.i.ua/avatar/mini/1/0/3162901_268431330.jpg,https://prikol.i.ua
//i.i.ua/avatar/mini/2/1/6305512_118647202.jpg,https://prikol.i.ua
//i.i.ua/avatar/mini/5/2/4521825_36130130.jpg,https://prikol.i.ua
//i.i.ua/avatar/mini/6/3/3411136_145241706.jpg,https://prikol.i.ua
//i.i.ua/avatar/mini/6/1/1204116_199781033.jpg,https://prikol.i.ua
//i.i.ua/avatar/mini/6/8/4110186_248402171.jpg,https://prikol.i.ua
//i.i.ua/avatar/mini/noavatar.gif,https://prikol.i.ua
//os1.i.ua/3/8/14568050_585257bb_591d92e0.jpg,https://prikol.i.ua
//i3.i.ua/kino/images/4/3/t63634.jpg,https://prikol.i.ua
//i3.i.ua/kino/images/2/7/t62572.jpg,https://prikol.i.ua
//i3.i.ua/kino/images/4/0/t62904.jpg,https://prikol.i.ua
//i3.i.ua/kino/images/7/2/t63527.jpg,https://prikol.i.ua
//i3.i.ua/kino/images/6/7/t64176.jpg,https://prikol.i.ua
//i3.i.ua/kino/images/8/7/t64278.jpg,https://prikol.i.ua
//i3.i.ua/kino/images/8/8/t64288.jpg,https://prikol.i.ua
//i3.i.ua/kino/images/2/5/t64852.jpg,https://prikol.i.ua
//i3.i.ua/kino/images/6/6/t64966.jpg,https://prikol.i.ua
//i3.i.ua/kino/images/8/3/t65038.jpg,https://prikol.i.ua
