https://olxua-ring11.akamaized.net/images_slandocomua/499375146_1_261x203_velosipedy-optom-i-roznitsu-so-sklada-v-kieve-trek-scott-cube-bulls-kiev.jpg,https://www.olx.ua
https://olxua-ring11.akamaized.net/images_slandocomua/497999904_1_261x203_u-samogo-morya-50m-v-odesse-dacha-komnaty-dlya-plyazhnogo-nedorogo-otdyha-odessa.jpg,https://www.olx.ua
https://olxua-ring11.akamaized.net/images_slandocomua/451361212_4_261x203_odnokmnatna-kvartira-smart-kvartira-smart-kvartira-27mkv-nedvizhimost_rev004.jpg,https://www.olx.ua
https://olxua-ring10.akamaized.net/images_slandocomua/319066236_7_261x203_lumia-1520-novaya-6-fhd-windows-10-original-garantiya-1-2-tseny-mag-_rev030.jpg,https://www.olx.ua
https://olxua-ring02.akamaized.net/images_slandocomua/497724418_1_261x203_matras-1-sleepfly-deyli-2v1-s-garantiey-nagruzka-do-130kg-kiev.jpg,https://www.olx.ua
https://olxua-ring02.akamaized.net/images_slandocomua/498551188_1_261x203_kombinirovannyy-boyler-vogel-flug-horvatiya-ot-80-100-120-150-200-aktsiya-chernigov.jpg,https://www.olx.ua
https://olxua-ring09.akamaized.net/images_slandocomua/390358536_1_261x203_bolshoy-dom-osobnyak-dlya-kukol-stellazh-dlya-igrushek-kiev.jpg,https://www.olx.ua
https://olxua-ring03.akamaized.net/images_slandocomua/498919550_1_261x203_shini-shiny-optom-opt-r17-r18-r19-r20-195-205-215-225-45-50-55-60-65-lvov.jpg,https://www.olx.ua
https://olxua-ring04.akamaized.net/images_slandocomua/497693632_3_261x203_arenda-1kkvskryukovschina-zhk-molodezhnyy-gorodokpervaya-sdacha-dolgosrochnaya-arenda-kvartir_rev001.jpg,https://www.olx.ua
https://olxua-ring02.akamaized.net/images_slandocomua/472263204_4_261x203_kvartira-mechtanovyy-klubnyy-dom-vozle-parkaeksklyuzivnyy-proekt-neruhomst.jpg,https://www.olx.ua
https://olxua-ring11.akamaized.net/images_slandocomua/455264848_1_261x203_dobavka-dlya-polistirolbetona-snv-sdo-cherkassy.jpg,https://www.olx.ua
https://olxua-ring02.akamaized.net/images_slandocomua/461671574_6_261x203_novye-anonimo-militare-43mm-_rev001.jpg,https://www.olx.ua
https://olxua-ring07.akamaized.net/images_slandocomua/338008774_1_261x203_mangal-burzhuy-vinnitsa.jpg,https://www.olx.ua
https://olxua-ring05.akamaized.net/images_slandocomua/482087730_1_261x203_kachelya-sadovaya-casablanka-250-kg-3-h-mestnaya-v-nalichii-polsha-novovolynsk_rev002.jpg,https://www.olx.ua
https://olxua-ring07.akamaized.net/images_slandocomua/389016928_1_261x203_professionalnye-kofemashiny-cime-novye-kiev_rev003.jpg,https://www.olx.ua
https://olxua-ring10.akamaized.net/images_slandocomua/468438670_2_261x203_lobove-sklo-avtomoblya-duzhe-deshevo-fotograf_rev001.jpg,https://www.olx.ua
https://olxua-ring04.akamaized.net/images_slandocomua/469656486_5_261x203_robokar-poli-minony-chelovek-pauk-detskie-futbolki-dlya-malchikov-dnepropetrovskaya-oblast_rev043.jpg,https://www.olx.ua
https://olxua-ring04.akamaized.net/images_slandocomua/277557364_1_261x203_vechernee-plate-prodazha-odessa.jpg,https://www.olx.ua
https://olxua-ring04.akamaized.net/images_slandocomua/497966664_1_261x203_dlya-vas-bez-komissii-rieltorauyutnaya-chistaya-s-razdelnymi-komnatami-chernovtsy.jpg,https://www.olx.ua
https://olxua-ring02.akamaized.net/images_slandocomua/472012902_1_261x203_sdam-v-arendu-kiosk-zaporozhe.jpg,https://www.olx.ua
https://olxua-ring02.akamaized.net/images_slandocomua/459147018_1_261x203_moschnyy-4h-yadernyy-igrovoy-kompyuter-core-i5-chernigov_rev007.jpg,https://www.olx.ua
https://olxua-ring01.akamaized.net/images_slandocomua/451687868_1_261x203_batare-radtori-chavunn-chugunn-kotel-opalennya-bezkoshtovna-dostavka-lvov.jpg,https://www.olx.ua
https://olxua-ring05.akamaized.net/images_slandocomua/499798254_1_261x203_prodam-torgovyy-pritsep-dobropole.jpg,https://www.olx.ua
https://olxua-ring09.akamaized.net/images_slandocomua/497789290_1_261x203_konsol-pod-umyvalniki-na-stoleshnitsu-duravit-fogo-fo-8534-odessa_rev004.jpg,https://www.olx.ua
